episode,ksa,domain,source,key,cfr,evidence
"1","KStandard","K","observable","quiz","1926.21(b)(2)","answers the toolbox quiz on the day's standards"
"1","KStandard","K","mission","shift_begin","1926.95","Sign in and don full PPE at the gate"
"1","KEnergy","K","observable","energy","","names the energy source"
"1","KEnergy","K","observable","instrument_match","","picks an instrument that reads the hazard's energy"
"1","KHierarchy","K","observable","hierarchy_order","1926.20(b)","orders the hierarchy of controls at the gate"
"1","KHierarchy","K","observable","why_choice","1926.21(b)(2)","explains why the top risk leads the talk"
"1","SRecognize","S","observable","recognize","","photographs and reports a real hazard"
"1","SRecognize","S","observable","missed","","hazard still latent at the end of the shift"
"1","SRecognize","S","mission","photo","1926.405(a)(2)(ii)(I)","Inspect the extension cords for damage"
"1","SAssess","S","observable","risk","","rates probability x severity"
"1","SAssess","S","observable","talk_top_risk","1926.21(b)(2)","leads tomorrow's toolbox talk with the highest-risk finding"
"1","SControl","S","observable","control_choose","","chooses a control level (vs. best feasible)"
"1","SControl","S","observable","install_wrong_kit","","brings a kit that doesn't meet the standard"
"1","SInstall","S","observable","install_misplaced","","sets the control down away from the exposure"
"1","SInstall","S","observable","install_success","","installs / removes and verifies the control"
"1","SInspect","S","observable","measure","","measures with a field instrument before judging"
"1","SInspect","S","observable","inspect_close","","inspects an item up close: finds the defect, or calls a sound item sound"
"1","SInspect","S","mission","measure","1926.404(b)(1)","Test the spider box outlets with the GFCI tester"
"1","SInspect","S","mission","photo","1926.1053(b)(1)","Check ladder access to the office trailer"
"1","SDiscriminate","S","observable","confirm_compliant","","confirms a compliant look-alike instead of reporting it"
"1","SDiscriminate","S","observable","lookalike_reported","","reports a compliant look-alike (false alarm)"
"1","SCommunicate","S","observable","speakup_choice","","holds the stop under the foreman's pushback"
"1","SCommunicate","S","observable","toolbox_talk","1926.21(b)(2)","orders tomorrow's toolbox talk by risk"
"1","SCommunicate","S","mission","radio_query_open","1926.21(b)(2)","Brief the foreman (talk to Ray)"
"1","AProactive","A","observable","detect_time","","finds it early, before exposure grows"
"1","AProactive","A","observable","incident","","hazard turned into a near miss / recordable"
"1","AIntervene","A","observable","stop_work","","radios stop-work with a named reason"
"1","AIntervene","A","observable","weather_decision","","changes the plan when conditions change"
"1","AThorough","A","observable","mission","","completes the inspection routine"
"1","AThorough","A","observable","measured_first","","measures before making the call when an instrument can read it"
"1","ACare","A","observable","lookalike_trust","","false alarm costs crew trust"
"1","ACare","A","observable","crew_self_report","","crew trust high enough that a worker self-reports"
"1","ACare","A","observable","crew_request_done","","answers a crew member's request during the shift"
"1","ACare","A","observable","crew_request_missed","","a crew request still open at the whistle"
"2","KStandard","K","observable","quiz","1926.21(b)(2)","answers the toolbox quiz on the day's standards"
"2","KEnergy","K","observable","energy","","names the energy source"
"2","KEnergy","K","observable","instrument_match","","picks an instrument that reads the hazard's energy"
"2","KHierarchy","K","observable","hierarchy_order","1926.20(b)","orders the hierarchy of controls at the gate"
"2","KHierarchy","K","observable","why_choice","1926.21(b)(2)","explains why the top risk leads the talk"
"2","SRecognize","S","observable","recognize","","photographs and reports a real hazard"
"2","SRecognize","S","observable","missed","","hazard still latent at the end of the shift"
"2","SRecognize","S","mission","photo","1926.651(c)(2)","Verify a way out within 25 ft"
"2","SAssess","S","observable","risk","","rates probability x severity"
"2","SAssess","S","observable","talk_top_risk","1926.21(b)(2)","leads tomorrow's toolbox talk with the highest-risk finding"
"2","SControl","S","observable","control_choose","","chooses a control level (vs. best feasible)"
"2","SControl","S","observable","install_wrong_kit","","brings a kit that doesn't meet the standard"
"2","SInstall","S","observable","install_misplaced","","sets the control down away from the exposure"
"2","SInstall","S","observable","install_success","","installs / removes and verifies the control"
"2","SInspect","S","observable","measure","","measures with a field instrument before judging"
"2","SInspect","S","observable","inspect_close","","inspects an item up close: finds the defect, or calls a sound item sound"
"2","SInspect","S","mission","measure","1926 Subpart P App. A","Classify the soil with the pocket penetrometer"
"2","SInspect","S","mission","measure","1926.652(a)(1)","Measure the trench depth with the laser"
"2","SInspect","S","mission","measure","1926.651(j)(2)","Check the spoil pile setback"
"2","SInspect","S","mission","measure","1926.1153","Sample dust at the cut-off saw"
"2","SDiscriminate","S","observable","confirm_compliant","","confirms a compliant look-alike instead of reporting it"
"2","SDiscriminate","S","observable","lookalike_reported","","reports a compliant look-alike (false alarm)"
"2","SCommunicate","S","observable","speakup_choice","","holds the stop under the foreman's pushback"
"2","SCommunicate","S","observable","toolbox_talk","1926.21(b)(2)","orders tomorrow's toolbox talk by risk"
"2","AProactive","A","observable","detect_time","","finds it early, before exposure grows"
"2","AProactive","A","observable","incident","","hazard turned into a near miss / recordable"
"2","AIntervene","A","observable","stop_work","","radios stop-work with a named reason"
"2","AIntervene","A","observable","weather_decision","","changes the plan when conditions change"
"2","AThorough","A","observable","mission","","completes the inspection routine"
"2","AThorough","A","observable","measured_first","","measures before making the call when an instrument can read it"
"2","ACare","A","observable","lookalike_trust","","false alarm costs crew trust"
"2","ACare","A","observable","crew_self_report","","crew trust high enough that a worker self-reports"
"2","ACare","A","observable","crew_request_done","","answers a crew member's request during the shift"
"2","ACare","A","observable","crew_request_missed","","a crew request still open at the whistle"
"3","KStandard","K","observable","quiz","1926.21(b)(2)","answers the toolbox quiz on the day's standards"
"3","KEnergy","K","observable","energy","","names the energy source"
"3","KEnergy","K","observable","instrument_match","","picks an instrument that reads the hazard's energy"
"3","KHierarchy","K","observable","hierarchy_order","1926.20(b)","orders the hierarchy of controls at the gate"
"3","KHierarchy","K","observable","why_choice","1926.21(b)(2)","explains why the top risk leads the talk"
"3","SRecognize","S","observable","recognize","","photographs and reports a real hazard"
"3","SRecognize","S","observable","missed","","hazard still latent at the end of the shift"
"3","SRecognize","S","mission","photo","1926.502(i)","Check the floor opening"
"3","SAssess","S","observable","risk","","rates probability x severity"
"3","SAssess","S","observable","talk_top_risk","1926.21(b)(2)","leads tomorrow's toolbox talk with the highest-risk finding"
"3","SControl","S","observable","control_choose","","chooses a control level (vs. best feasible)"
"3","SControl","S","observable","install_wrong_kit","","brings a kit that doesn't meet the standard"
"3","SInstall","S","observable","install_misplaced","","sets the control down away from the exposure"
"3","SInstall","S","observable","install_success","","installs / removes and verifies the control"
"3","SInspect","S","observable","measure","","measures with a field instrument before judging"
"3","SInspect","S","observable","inspect_close","","inspects an item up close: finds the defect, or calls a sound item sound"
"3","SInspect","S","mission","measure","1926.502(b)","Measure the guardrail at the deck edge"
"3","SInspect","S","mission","measure","1926.1053(b)(1)","Check the access ladder"
"3","SDiscriminate","S","observable","confirm_compliant","","confirms a compliant look-alike instead of reporting it"
"3","SDiscriminate","S","observable","lookalike_reported","","reports a compliant look-alike (false alarm)"
"3","SDiscriminate","S","mission","photo","1926.501(b)(1)","Verify the ironworker's tie-off"
"3","SCommunicate","S","observable","speakup_choice","","holds the stop under the foreman's pushback"
"3","SCommunicate","S","observable","toolbox_talk","1926.21(b)(2)","orders tomorrow's toolbox talk by risk"
"3","AProactive","A","observable","detect_time","","finds it early, before exposure grows"
"3","AProactive","A","observable","incident","","hazard turned into a near miss / recordable"
"3","AIntervene","A","observable","stop_work","","radios stop-work with a named reason"
"3","AIntervene","A","observable","weather_decision","","changes the plan when conditions change"
"3","AThorough","A","observable","mission","","completes the inspection routine"
"3","AThorough","A","observable","measured_first","","measures before making the call when an instrument can read it"
"3","ACare","A","observable","lookalike_trust","","false alarm costs crew trust"
"3","ACare","A","observable","crew_self_report","","crew trust high enough that a worker self-reports"
"3","ACare","A","observable","crew_request_done","","answers a crew member's request during the shift"
"3","ACare","A","observable","crew_request_missed","","a crew request still open at the whistle"
"4","KStandard","K","observable","quiz","1926.21(b)(2)","answers the toolbox quiz on the day's standards"
"4","KEnergy","K","observable","energy","","names the energy source"
"4","KEnergy","K","observable","instrument_match","","picks an instrument that reads the hazard's energy"
"4","KHierarchy","K","observable","hierarchy_order","1926.20(b)","orders the hierarchy of controls at the gate"
"4","KHierarchy","K","observable","why_choice","1926.21(b)(2)","explains why the top risk leads the talk"
"4","SRecognize","S","observable","recognize","","photographs and reports a real hazard"
"4","SRecognize","S","observable","missed","","hazard still latent at the end of the shift"
"4","SRecognize","S","mission","photo","1926.251(c)(4)(iv)","Inspect the rigging slings"
"4","SAssess","S","observable","risk","","rates probability x severity"
"4","SAssess","S","observable","talk_top_risk","1926.21(b)(2)","leads tomorrow's toolbox talk with the highest-risk finding"
"4","SControl","S","observable","control_choose","","chooses a control level (vs. best feasible)"
"4","SControl","S","observable","install_wrong_kit","","brings a kit that doesn't meet the standard"
"4","SInstall","S","observable","install_misplaced","","sets the control down away from the exposure"
"4","SInstall","S","observable","install_success","","installs / removes and verifies the control"
"4","SInspect","S","observable","measure","","measures with a field instrument before judging"
"4","SInspect","S","observable","inspect_close","","inspects an item up close: finds the defect, or calls a sound item sound"
"4","SInspect","S","mission","measure","1926.1402(b)","Test ground under the outrigger floats"
"4","SInspect","S","mission","measure","1926.1424(a)(2)","Check the swing radius barricade"
"4","SInspect","S","mission","access","1926.501(b)(10)","Take the stair tower to the roof"
"4","SDiscriminate","S","observable","confirm_compliant","","confirms a compliant look-alike instead of reporting it"
"4","SDiscriminate","S","observable","lookalike_reported","","reports a compliant look-alike (false alarm)"
"4","SDiscriminate","S","mission","photo","1926.1428","Confirm the signal person"
"4","SCommunicate","S","observable","speakup_choice","","holds the stop under the foreman's pushback"
"4","SCommunicate","S","observable","toolbox_talk","1926.21(b)(2)","orders tomorrow's toolbox talk by risk"
"4","AProactive","A","observable","detect_time","","finds it early, before exposure grows"
"4","AProactive","A","observable","incident","","hazard turned into a near miss / recordable"
"4","AIntervene","A","observable","stop_work","","radios stop-work with a named reason"
"4","AIntervene","A","observable","weather_decision","","changes the plan when conditions change"
"4","AThorough","A","observable","mission","","completes the inspection routine"
"4","AThorough","A","observable","measured_first","","measures before making the call when an instrument can read it"
"4","ACare","A","observable","lookalike_trust","","false alarm costs crew trust"
"4","ACare","A","observable","crew_self_report","","crew trust high enough that a worker self-reports"
"4","ACare","A","observable","crew_request_done","","answers a crew member's request during the shift"
"4","ACare","A","observable","crew_request_missed","","a crew request still open at the whistle"
"5","KStandard","K","observable","quiz","1926.21(b)(2)","answers the toolbox quiz on the day's standards"
"5","KEnergy","K","observable","energy","","names the energy source"
"5","KEnergy","K","observable","instrument_match","","picks an instrument that reads the hazard's energy"
"5","KHierarchy","K","observable","hierarchy_order","1926.20(b)","orders the hierarchy of controls at the gate"
"5","KHierarchy","K","observable","why_choice","1926.21(b)(2)","explains why the top risk leads the talk"
"5","SRecognize","S","observable","recognize","","photographs and reports a real hazard"
"5","SRecognize","S","observable","missed","","hazard still latent at the end of the shift"
"5","SRecognize","S","mission","photo","1926.601(b)(4)","Check the backing mixer's spotter"
"5","SRecognize","S","mission","photo","1926.701(b)","Check the rebar caps at the step-down"
"5","SAssess","S","observable","risk","","rates probability x severity"
"5","SAssess","S","observable","talk_top_risk","1926.21(b)(2)","leads tomorrow's toolbox talk with the highest-risk finding"
"5","SControl","S","observable","control_choose","","chooses a control level (vs. best feasible)"
"5","SControl","S","observable","install_wrong_kit","","brings a kit that doesn't meet the standard"
"5","SInstall","S","observable","install_misplaced","","sets the control down away from the exposure"
"5","SInstall","S","observable","install_success","","installs / removes and verifies the control"
"5","SInspect","S","observable","measure","","measures with a field instrument before judging"
"5","SInspect","S","observable","inspect_close","","inspects an item up close: finds the defect, or calls a sound item sound"
"5","SInspect","S","mission","measure","1926.1408(a)(2)","Measure the boom's clearance to the line"
"5","SDiscriminate","S","observable","confirm_compliant","","confirms a compliant look-alike instead of reporting it"
"5","SDiscriminate","S","observable","lookalike_reported","","reports a compliant look-alike (false alarm)"
"5","SCommunicate","S","observable","speakup_choice","","holds the stop under the foreman's pushback"
"5","SCommunicate","S","observable","toolbox_talk","1926.21(b)(2)","orders tomorrow's toolbox talk by risk"
"5","AProactive","A","observable","detect_time","","finds it early, before exposure grows"
"5","AProactive","A","observable","incident","","hazard turned into a near miss / recordable"
"5","AIntervene","A","observable","stop_work","","radios stop-work with a named reason"
"5","AIntervene","A","observable","weather_decision","","changes the plan when conditions change"
"5","AIntervene","A","mission","stop_work","1926.1408","Stop the pump until clearance is fixed"
"5","AIntervene","A","mission","weather_decision","1926.21(b)(2)","Make the weather call on the storm"
"5","AThorough","A","observable","mission","","completes the inspection routine"
"5","AThorough","A","observable","measured_first","","measures before making the call when an instrument can read it"
"5","ACare","A","observable","lookalike_trust","","false alarm costs crew trust"
"5","ACare","A","observable","crew_self_report","","crew trust high enough that a worker self-reports"
"5","ACare","A","observable","crew_request_done","","answers a crew member's request during the shift"
"5","ACare","A","observable","crew_request_missed","","a crew request still open at the whistle"
